CourseName,URL,Ratings
Python Scripting Certification Training,https://www.edureka.co/python-scripting?qId=ed8c506b1a1d57c88f4a19963e01d7e0&index_name=prod_search_results_courses&objId=777&objPos=1," 4.3 (2750)"
Python Programming Certification Course,https://www.edureka.co/python-programming-certification-training?qId=ed8c506b1a1d57c88f4a19963e01d7e0&index_name=prod_search_results_courses&objId=786&objPos=2," 4.3 (3850)"
Python Spark Certification Training using PySpark,https://www.edureka.co/pyspark-certification-training?qId=ed8c506b1a1d57c88f4a19963e01d7e0&index_name=prod_search_results_courses&objId=651&objPos=3," 5 (1500)"
Natural Language Processing with Python Certification Course,https://www.edureka.co/python-natural-language-processing-course?qId=ed8c506b1a1d57c88f4a19963e01d7e0&index_name=prod_search_results_courses&objId=698&objPos=4," 4.3 (600)"
Python Certification Training for Data Science,https://www.edureka.co/data-science-python-certification-course?qId=ed8c506b1a1d57c88f4a19963e01d7e0&index_name=prod_search_results_courses&objId=574&objPos=5," 4.6 (20800)"
Machine Learning Certification Training using Python,https://www.edureka.co/machine-learning-certification-training?qId=ed8c506b1a1d57c88f4a19963e01d7e0&index_name=prod_search_results_courses&objId=542&objPos=6," 4 (2350)"
Python Django Training and Certification,https://www.edureka.co/python-django?qId=ed8c506b1a1d57c88f4a19963e01d7e0&index_name=prod_search_results_courses&objId=463&objPos=7," 4.3 (1200)"
,," 4.1 (1550)"
,," 4.4 (5300)"
AI & Deep Learning with TensorFlow,https://www.edureka.co/ai-deep-learning-with-tensorflow?qId=ed8c506b1a1d57c88f4a19963e01d7e0&index_name=prod_search_results_courses&objId=544&objPos=10," 4 (6350)"
,," 4.5 (3800)"
,," 4.4 (3100)"
,," 4.5 (1400)"
,," 4.1 (700)"
"Java, J2EE & SOA Certification Training",https://www.edureka.co/java-j2ee-training-course?qId=ed8c506b1a1d57c88f4a19963e01d7e0&index_name=prod_search_results_courses&objId=44&objPos=15," 4.5 (13250)"
,," 4 (2850)"
Spring Framework Certification Training,https://www.edureka.co/spring-certification-course?qId=ed8c506b1a1d57c88f4a19963e01d7e0&index_name=prod_search_results_courses&objId=62&objPos=17," 4.1 (2850)"
Node.js Certification Training,https://www.edureka.co/nodejs-certification-training?qId=ed8c506b1a1d57c88f4a19963e01d7e0&index_name=prod_search_results_courses&objId=843&objPos=18," 4.1 (2100)"
Microsoft .NET Framework Certification Training,https://www.edureka.co/microsoft-dotnet-framework-self-paced?qId=ed8c506b1a1d57c88f4a19963e01d7e0&index_name=prod_search_results_courses&objId=81&objPos=19," 4.3 (950)"
Comprehensive Java Course Certification Training,https://www.edureka.co/java-course-self-paced?qId=ed8c506b1a1d57c88f4a19963e01d7e0&index_name=prod_search_results_courses&objId=14&objPos=20," 4.2 (6000)"
Advanced Java Certification Training,https://www.edureka.co/advanced-java-sp?qId=ed8c506b1a1d57c88f4a19963e01d7e0&index_name=prod_search_results_courses&objId=193&objPos=21," 4.3 (1100)"
PHP & MySQL with MVC Frameworks Certification Training,https://www.edureka.co/php-mysql-self-paced?qId=ed8c506b1a1d57c88f4a19963e01d7e0&index_name=prod_search_results_courses&objId=90&objPos=22," 4.1 (900)"
Ruby on Rails Certification Training,https://www.edureka.co/ruby-on-rails-sp?qId=ed8c506b1a1d57c88f4a19963e01d7e0&index_name=prod_search_results_courses&objId=186&objPos=23," 4.4 (350)"
Microsoft SharePoint 2013 Certification Training,https://www.edureka.co/microsoft-sharepoint-2013?qId=ed8c506b1a1d57c88f4a19963e01d7e0&index_name=prod_search_results_courses&objId=412&objPos=24," 4.3 (800)"
Persistence with Hibernate Certification Training,https://www.edureka.co/persistence-with-hibernate-self-paced?qId=ed8c506b1a1d57c88f4a19963e01d7e0&index_name=prod_search_results_courses&objId=84&objPos=25," 4.1 (550)"
Mastering Perl Scripting Certification Training,https://www.edureka.co/mastering-perl-scripting-self-paced?qId=ed8c506b1a1d57c88f4a19963e01d7e0&index_name=prod_search_results_courses&objId=622&objPos=26," 4.5 (1700)"
Mastering Joomla Certification Training,https://www.edureka.co/joomla?qId=ed8c506b1a1d57c88f4a19963e01d7e0&index_name=prod_search_results_courses&objId=262&objPos=27," 4.3 (150)"
Mastering Magento for E-Commerce Certification Training,https://www.edureka.co/magento-sp?qId=ed8c506b1a1d57c88f4a19963e01d7e0&index_name=prod_search_results_courses&objId=219&objPos=28," 4.1 (150)"
Advanced MS Excel 2016 Certification Training,https://www.edureka.co/advanced-ms-excel-self-paced?qId=ed8c506b1a1d57c88f4a19963e01d7e0&index_name=prod_search_results_courses&objId=546&objPos=29," 4 (2650)"
MongoDB Certification Training,https://www.edureka.co/mongodb-certification-training?qId=ed8c506b1a1d57c88f4a19963e01d7e0&index_name=prod_search_results_courses&objId=515&objPos=30," 4.4 (5900)"
